{"title":"Autonomic AI Ops Center","description":"Real-time monitoring of Self-Healing AI Agents","widgets":[{"id":3192649699959653,"definition":{"title":"Current Active Version","title_size":"16","title_align":"left","type":"query_value","requests":[{"response_format":"scalar","queries":[{"name":"query1","data_source":"metrics","query":"max:autonomic.agent.current_version{*}","aggregator":"max"}],"formulas":[{"formula":"query1"}],"conditional_formats":[{"comparator":">","value":1,"palette":"custom_bg","custom_bg_color":"#632ca6"},{"comparator":"<","value":2,"palette":"white_on_yellow"}]}],"autoscale":true,"precision":2},"layout":{"x":0,"y":0,"width":3,"height":3}},{"id":6552802961042564,"definition":{"title":"🚨 Active Detection Rules","type":"manage_status","display_format":"list","color_preference":"text","hide_zero_counts":true,"show_status":true,"last_triggered_format":"relative","query":"\"Budget Breach\" OR \"Optimization Failure\" OR \"Latency Monitor\"","sort":"status,asc","count":50,"start":0,"summary_type":"monitors","show_priority":false,"show_last_triggered":false},"layout":{"x":3,"y":0,"width":6,"height":3}},{"id":4719249310693183,"definition":{"title":"","title_size":"16","title_align":"left","type":"slo","slo_id":"46f182fc8eec5eceb26132561f5bf5ad","view_type":"detail","view_mode":"both","time_windows":["7d"],"show_error_budget":true,"additional_query_filters":""},"layout":{"x":9,"y":0,"width":3,"height":3}},{"id":1061046366331573,"definition":{"title":"User Facing latency ","title_size":"16","title_align":"left","show_legend":true,"legend_layout":"auto","legend_columns":["avg","min","max","value","sum"],"type":"timeseries","requests":[{"response_format":"timeseries","queries":[{"name":"query1","data_source":"metrics","query":"avg:autonomic.agent.latency.avg{*}"}],"formulas":[{"formula":"query1","number_format":{"unit":{"type":"canonical_unit","unit_name":"millisecond"}}}],"style":{"palette":"cool","order_by":"values","line_type":"solid","line_width":"normal"},"display_type":"line"}]},"layout":{"x":0,"y":3,"width":4,"height":3}},{"id":3491649293173648,"definition":{"title":"Backend Latency - Avg","show_legend":false,"legend_layout":"auto","legend_columns":["avg","min","max","value","sum"],"type":"timeseries","requests":[{"response_format":"timeseries","queries":[{"data_source":"metrics","name":"query1","query":"avg:autonomic.auditor.latency.avg{*}"},{"data_source":"metrics","name":"query2","query":"avg:autonomic.refiner.latency.avg{*}"},{"data_source":"metrics","name":"query3","query":"avg:autonomic.evaluator.latency.avg{*}"}],"formulas":[{"alias":"Auditor","formula":"query1","number_format":{"unit":{"type":"canonical_unit","unit_name":"second"}}},{"alias":"Refiner","formula":"query2","number_format":{"unit":{"type":"canonical_unit","unit_name":"second"}}},{"alias":"Evaluator","formula":"query3","number_format":{"unit":{"type":"canonical_unit","unit_name":"second"}}}],"style":{"palette":"datadog16","color_order":"monotonic","order_by":"tags","order_reverse":false,"line_type":"solid","line_width":"normal"},"display_type":"line"}]},"layout":{"x":4,"y":3,"width":4,"height":3}},{"id":4060921704991671,"definition":{"title":"ChatBot Agent Cost ($)","show_legend":false,"legend_layout":"auto","legend_columns":["avg","min","max","value","sum"],"type":"timeseries","requests":[{"response_format":"timeseries","queries":[{"data_source":"metrics","name":"cost","query":"sum:autonomic.agent.cost{*}"}],"formulas":[{"formula":"cost","number_format":{"unit":{"type":"canonical_unit","unit_name":"dollar"}}}],"style":{"palette":"orange","line_type":"solid","line_width":"normal"},"display_type":"line"}]},"layout":{"x":8,"y":3,"width":4,"height":3}},{"id":5575437508210320,"definition":{"title":"Chats Load","title_size":"16","title_align":"left","show_legend":true,"legend_layout":"auto","legend_columns":["avg","min","max","value","sum"],"type":"timeseries","requests":[{"response_format":"timeseries","queries":[{"name":"query1","data_source":"metrics","query":"sum:autonomic.chat.count{*}.as_rate()"}],"formulas":[{"formula":"query1"}],"style":{"palette":"warm","order_by":"values","line_type":"solid","line_width":"normal"},"display_type":"line"}]},"layout":{"x":0,"y":6,"width":6,"height":3}},{"id":8020982583009261,"definition":{"title":"Autonomic-AI Cost ($)","title_size":"16","title_align":"left","show_legend":true,"legend_layout":"auto","legend_columns":["avg","min","max","value","sum"],"type":"timeseries","requests":[{"response_format":"timeseries","queries":[{"name":"query1","data_source":"metrics","query":"sum:autonomic.backend.cost{*} by {service}"}],"formulas":[{"number_format":{"unit":{"type":"canonical_unit","unit_name":"dollar"}},"formula":"query1"}],"style":{"palette":"cool","order_by":"values","order_reverse":false,"line_type":"dashed","line_width":"normal"},"display_type":"bars"}],"markers":[{"value":"y = 0","display_type":"error dashed"}]},"layout":{"x":6,"y":6,"width":6,"height":3}},{"id":7000996611404382,"definition":{"type":"note","content":"## Auditor & Quality Control\n","background_color":"blue","font_size":"14","text_align":"left","show_tick":false},"layout":{"x":0,"y":9,"width":12,"height":1}},{"id":4955531427757683,"definition":{"title":"Pass Rate","title_size":"16","title_align":"left","type":"query_value","requests":[{"response_format":"scalar","queries":[{"name":"query1","data_source":"metrics","query":"sum:autonomic.audit.verdict{verdict:pass}.as_count()","aggregator":"avg"},{"name":"query2","data_source":"metrics","query":"sum:autonomic.audit.verdict{verdict:fail}.as_count()","aggregator":"avg"}],"conditional_formats":[{"comparator":">","value":80,"palette":"white_on_green"},{"comparator":"<","value":50,"palette":"white_on_red"},{"comparator":">","value":50,"palette":"white_on_yellow"}],"formulas":[{"formula":"(query1 / (query1 + query2)) * 100","number_format":{"unit":{"type":"canonical_unit","unit_name":"percent"}}}]}],"autoscale":true,"precision":2},"layout":{"x":0,"y":10,"width":3,"height":3}},{"id":7169656024506357,"definition":{"title":"Auditor Pass vs Fail","show_legend":false,"legend_layout":"auto","legend_columns":["avg","min","max","value","sum"],"type":"timeseries","requests":[{"response_format":"timeseries","queries":[{"data_source":"metrics","name":"fail","query":"sum:autonomic.audit.verdict{verdict:fail}.as_count()"}],"formulas":[{"formula":"fail"}],"style":{"palette":"red","line_type":"solid","line_width":"normal"},"display_type":"bars"},{"response_format":"timeseries","queries":[{"data_source":"metrics","name":"pass","query":"sum:autonomic.audit.verdict{verdict:pass}.as_count()"}],"formulas":[{"formula":"pass"}],"style":{"palette":"green","line_type":"solid","line_width":"normal"},"display_type":"bars"},{"formulas":[{"formula":"query1"}],"queries":[{"data_source":"events","name":"query1","indexes":["*"],"compute":{"aggregation":"count"},"group_by":[],"search":{"query":"source:refiner"}}],"response_format":"timeseries","style":{"palette":"blue","line_type":"solid","line_width":"normal"},"display_type":"overlay"}]},"layout":{"x":3,"y":10,"width":9,"height":3}},{"id":6579755796888120,"definition":{"type":"note","content":"## Auto Correction Loop","background_color":"green","font_size":"14","text_align":"left","show_tick":false},"layout":{"x":0,"y":13,"width":12,"height":1}},{"id":8253352008972843,"definition":{"title":"Optimization Rate","title_size":"16","title_align":"left","type":"query_value","requests":[{"response_format":"scalar","queries":[{"name":"query1","data_source":"metrics","query":"sum:autonomic.deployments.success{*}.as_count()","aggregator":"avg"},{"name":"query2","data_source":"metrics","query":"sum:autonomic.optimization.failed{*}.as_count()","aggregator":"avg"}],"conditional_formats":[{"comparator":">","value":80,"palette":"white_on_green"},{"comparator":"<","value":80,"palette":"white_on_red"}],"formulas":[{"formula":"(query1 / (query1 + query2)) * 100","number_format":{"unit":{"type":"canonical_unit","unit_name":"percent"}}}]}],"autoscale":true,"precision":2},"layout":{"x":0,"y":14,"width":3,"height":3}},{"id":1279864254124487,"definition":{"title":"Auto-Deployments to Production","show_legend":false,"legend_layout":"auto","legend_columns":["avg","min","max","value","sum"],"type":"timeseries","requests":[{"response_format":"timeseries","queries":[{"data_source":"metrics","name":"deploys","query":"sum:autonomic.deployments.success{*}"}],"formulas":[{"formula":"deploys"}],"style":{"palette":"purple","line_type":"solid","line_width":"normal"},"display_type":"bars"}]},"layout":{"x":3,"y":14,"width":9,"height":3}},{"id":6892011724404271,"definition":{"type":"note","content":"## Attention Needed\n","background_color":"yellow","font_size":"12","text_align":"left","show_tick":false,"has_padding":true},"layout":{"x":0,"y":17,"width":12,"height":1}},{"id":8923001380949471,"definition":{"title":"Budget Breaches (> $0.10)","show_legend":false,"legend_layout":"auto","legend_columns":["avg","min","max","value","sum"],"type":"timeseries","requests":[{"response_format":"timeseries","queries":[{"data_source":"metrics","name":"breach","query":"sum:autonomic.budget.breach{*}"}],"formulas":[{"formula":"breach"}],"style":{"palette":"red","line_type":"solid","line_width":"normal"},"display_type":"bars"}]},"layout":{"x":0,"y":18,"width":8,"height":3}},{"id":3795619133027559,"definition":{"title":"Optimization Failures by Autonomic-AI","title_size":"16","title_align":"left","type":"toplist","requests":[{"queries":[{"data_source":"metrics","name":"query1","query":"sum:autonomic.optimization.failed{*} by {agent_id}","aggregator":"avg"}],"response_format":"scalar","conditional_formats":[{"comparator":">","value":0,"palette":"white_on_red"}],"formulas":[{"formula":"query1"}],"sort":{"count":10,"order_by":[{"type":"formula","index":0,"order":"desc"}]}}],"style":{"display":{"type":"stacked","legend":"automatic"}}},"layout":{"x":8,"y":18,"width":4,"height":3}},{"id":7307221265142985,"definition":{"type":"note","content":"### System Logs","background_color":"blue","font_size":"14","text_align":"left","vertical_align":"top","show_tick":false,"tick_pos":"50%","tick_edge":"left","has_padding":true},"layout":{"x":0,"y":21,"width":12,"height":1}},{"id":3390072499852337,"definition":{"title":"LOG STREAM","title_size":"16","title_align":"left","time":{"type":"live","unit":"day","value":1},"requests":[{"response_format":"event_list","query":{"data_source":"logs_stream","query_string":"service:autonomic-*","indexes":[],"storage":"hot"},"columns":[{"field":"status_line","width":"auto"},{"field":"timestamp","width":"auto"},{"field":"service","width":"auto"},{"field":"source","width":"auto"},{"field":"content","width":"auto"}]}],"type":"list_stream"},"layout":{"x":0,"y":22,"width":12,"height":5}}],"template_variables":[],"layout_type":"ordered","notify_list":[],"reflow_type":"fixed","pause_auto_refresh":false}